name,nameuser,level,type,soalan,jawapan,jawapanbetul,createdat,lives
ikan
ikan
ikan
ikan
funderive,...,level, abc,soalan,jawapan betul abc,ygbetul, harini 
funderive,...,level, type,soalan,jawapansalah type,ygbetul, harini 
funderive,...,level, type,soalan,jawapanbetul type,ygbetul, harini 
funderive,...,level, type,soalan,jawapansalah type,ygbetul, harini 
funderive,...,level, type,soalan,jawapansalah type,ygbetul, harini 
funderive,...,level, type,soalan,jawapansalah type,ygbetul, harini 
funderive,...,level, type,soalan,jawapansalah type,ygbetul, harini 
funderive,...,level, type,soalan,jawapanbetul type,ygbetul, harini 
funderive,...,level, type,soalan,jawapansalah type,ygbetul, harini 
funderive,...,level, type,soalan,jawapanbetul type,ygbetul, harini 
funderive,...,level, type,soalan,jawapansalah type,ygbetul, harini 
funderive,...,level, type,soalan,jawapansalah type,ygbetul, harini 
funderive,...,level, type,soalan,jawapansalah type,ygbetul, harini 
funderive,...,level, type,soalan,jawapanbetul type,ygbetul, harini 
funderive,...,level, type,soalan,jawapanbetul type,ygbetul, harini 
funderive,...,level, type,soalan,jawapanbetul type,ygbetul, harini 
funderive,...,level, type,soalan,jawapanbetul type,ygbetul, harini 
funderive,...,level, type,soalan,jawapanbetul type,ygbetul, harini 
funderive,...,level, type,soalan,jawapanbetul type,ygbetul, harini 
funderive,...,level, type,soalan,jawapanbetul type,ygbetul, harini 
funderive,...,level, type,soalan,jawapanbetul type,ygbetul, harini 
funderive,...,level, type,soalan,jawapansalah type,ygbetul, harini 
funderive,...,level, type,soalan,jawapansalah type,ygbetul, harini 
funderive,...,level, type,soalan,jawapanbetul type,ygbetul, harini 
funderive,...,level, type,soalan,jawapansalah type,ygbetul, harini 
funderive,...,level, type,soalan,jawapansalah type,ygbetul, harini 
funderive,...,level, type,soalan,jawapansalah type,ygbetul, harini 
funderive,...,level, type,soalan,jawapansalah type,ygbetul, harini 
funderive,...,level, type,soalan,jawapansalah type,ygbetul, harini 
funderive,...,level, type,soalan,jawapansalah type,ygbetul, harini 
funderive,...,level, type,soalan,jawapansalah type,ygbetul, harini 
funderive,...,level, type,soalan,jawapansalah type,ygbetul, harini 
funderive,...,level, type,soalan,jawapanbetul type,ygbetul, harini 
funderive,...,level, type,soalan,jawapansalah type,ygbetul, harini 
